id,name,tle1,tle2,inclination_deg,eccentricity,mean_motion,arg_perigee,raan,bstar,seed
NORAD-25544,ISS Fragment Cluster A,"1 25544U 98067A   26096.51234567  .00007852  00000-0  14421-3 0  9997","2 25544  51.6438 250.1219 0005380  67.2032  22.4421 15.49812376490122",51.64,0.000538,15.49,67.2,250.1,0.00014421,1.2
NORAD-33591,Cosmos Debris C,"1 33591U 09005A   26096.23985186  .00000247  00000-0  12673-3 0  9993","2 33591  98.7742 122.9940 0020731 256.3296 103.5564 14.24024577894356",98.77,0.002073,14.24,256.3,122.9,0.00012673,2.6
NORAD-43013,Fengyun Fragment K,"1 43013U 17073AF  26095.90223152  .00001132  00000-0  78544-4 0  9992","2 43013  97.3495  51.1238 0013017 221.6071 138.3782 15.22461925398195",97.34,0.001302,15.22,221.6,51.1,0.000078544,4.1
